Chapter,Entry,English,Phonemic,StandOrth,Comment
1,100,world,maailm,maailm,
1,210,"earth, land",maa,maa,
1,212,"earth=ground, soil",maapind,maapind,
1,213,dust,tolm,tolm,
1,214,mud,muda,muda,
1,215,sand,liiw,liiv,
1,220,"mountain, hill",mægi,mägi,
1,222,"cliff, precipice",kalyu,kalju,
1,230,"plain, field",tasandik,tasandik,
1,230,"plain, field",pəld,põld,
1,240,valley,or̃g,org,
1,250,island,saar̃,saar,
1,260,mainland,manner̃,manner,
1,260,mainland,mander̃,mander,
1,270,shore,kallas,kallas,
1,270,shore,r̃and,rand,
1,280,cave,koobas,koobas,
1,310,water,wesi,vesi,
1,320,sea,mer̃i,meri,
1,322,calm (of sea),r̃ahulik,rahulik,
1,322,calm (of sea),waikne,vaikne,
1,323,rough (of sea),tor̃mine,tormine,
1,324,foam,waht,vaht,
1,329,ocean,ookean,ookean,
1,330,lake,yær̃w,järv,
1,340,"gulf, bay",laht,laht,
1,341,lagoon,laguun,laguun,
1,342,reef,kar̃i,kari,
1,343,"headland, point",neem,neem,
1,350,wave,laine,laine,
1,352,tide,təus ja məən,tõus ja mõõn,
1,353,lowtide,məən,mõõn,
1,354,hightide,təus,tõus,
1,360,"river, stream, brook",yəgi,jõgi,
1,360,"river, stream, brook",oya,oja,
1,362,whirlpool,weekeer̃is,veekeeris,
1,370,"spring, well",allikas,allikas,
1,370,"spring, well",læte,läte,
1,370,"spring, well",kaew,kaev,
1,380,swamp,soo,soo,
1,390,waterfall,kosk,kosk,
1,390,waterfall,yuga,juga,
1,410,"woods, forest",mets,mets,
1,420,tree (cf 08.600),puu,puu,
1,430,wood,puit,puit,
1,440,"stone, rock",kiwi,kivi,
1,440,"stone, rock",kalyu,kalju,
1,450,earthquake,maawær̃in,maavärin,
1,510,sky,taewas,taevas,
1,520,sun,pæike,päike,
1,530,moon,kuu,kuu,
1,540,star,tæht,täht,
1,550,lightning,wælk,välk,
1,560,thunder,kəu,kõu,
1,560,thunder,pikne,pikne,
1,560,thunder,mür̃istamine,müristamine,
1,570,lightning (as striking),pikne,pikne,
1,580,storm,tor̃m,torm,
1,590,rainbow,wiker̃kaar̃,vikerkaar,
1,610,light (noun),walgus,valgus,
1,620,darkness,pimedus,pimedus,
1,630,"shade, shadow",war̃i,vari,
1,640,dew,kaste,kaste,
1,710,air,əhk,õhk,
1,720,wind,tuul,tuul,
1,730,cloud,pilw,pilv,
1,740,fog,udu,udu,
1,750,rain (noun),wihm,vihm,
1,760,snow (noun),lumi,lumi,
1,770,ice,yææ,jää,
1,780,weather,ilm,ilm,
1,810,fire,tuli,tuli,
1,820,flame (noun),leek,leek,
1,830,smoke (noun),suits,suits,
1,840,ashes,tuhk,tuhk,
1,841,embers,həəguwad söed,hõõguvad söed,
1,851,burn (vb trans),pəletama,põletama,
1,852,burn (vb intrans),pəlema,põlema,
1,860,"light, kindle, ignite",süütama,süütama,
1,861,extinguish,kustutama,kustutama,
1,870,match (noun),tuletikk,tuletikk,
1,880,firewood,küttepuud,küttepuud,
1,890,charcoal,puusüsi,puusüsi,
2,100,"person, human being",inimene,inimene,
2,210,man (vs. woman),mees,mees,
2,220,woman,naine,naine,
2,230,male,meessoost,meessoost,
2,240,female,naissoost,naissoost,
2,250,boy,poiss,poiss,
2,251,young man (adolescent),noor̃mees,nooremees,cf. man 02.210
2,260,girl,tüdr̃uk,tüdruk,
2,261,young woman (adolescent),neiu,neiu,
2,270,child,laps,laps,
2,280,"infant, baby",laps,laps,
2,280,"infant, baby",imik,imik,
2,310,husband,mees,mees,
2,310,husband,abikaasa,abikaasa,
2,320,wife,naine,naine,
2,320,wife,abikaasa,abikaasa,
2,330,marry,abielluma,abielluma,
2,340,"marriage, wedding",abielu,abielu,
2,340,"marriage, wedding",pulmad,pulmad,
2,340,"marriage, wedding",laulatus,laulatus,
2,341,divorce,abielulahutus,abielulahutus,
2,350,father,isa,isa,
2,360,mother,ema,ema,
2,370,parents,wanemad,vanemad,
2,380,married man,abielumees,abielumees,
2,390,married woman,abielunaine,abielunaine,
2,410,son,poeg,poeg,cf. boy 02.250
2,420,daughter,tütar̃,tütar,cf. girl 02.260
2,430,offspring (son or daughter),yær̃eltuliya,järeltulija,
2,440,brother,wend,vend,
2,444,older brother,wanem wend,vanem vend,
2,445,younger brother,noor̃em wend,noorem vend,
2,450,sister,əde,õde,
2,454,older sister,wanem əde,vanem õde,
2,455,younger sister,noor̃em əde,noorem õde,
2,456,sibling,əed-wennad,õed-vennad,
2,458,twins,kaksikud,kaksikud,
2,460,grandfather,wanaisa,vanaisa,
2,461,old man,wanamees,vanamees,
2,470,grandmother,wanaema,wanaema,
2,471,old woman,wana naine,vana naine,
2,480,grandson,poyapoeg,pojapoeg,
2,480,grandson,tütr̃epoeg,tütrepoeg,
2,490,granddaughter,poyatütar̃,pojatütar,
2,490,granddaughter,tütr̃etütar̃,tütretütar,
2,510,uncle,onu,onu,
2,511,mother's brother,onu,onu,
2,512,father's brother,lell,lell,
2,520,aunt,tædi,tädi,
2,521,mother's sister,tædi,tädi,
2,522,father's sister,sətse,sõtse,
2,530,nephew,wennapoeg,vennapoeg,fraternal nephew
2,530,nephew,əepoeg,õepoeg,sororal nephew
2,540,niece,wennatütar̃,vennatütar,fraternal niece
2,540,niece,əetütar̃,õetütar,sororal niece
2,550,cousin,nəbu,nõbu,
2,560,ancestors,esiwanemad,esivanemad,
2,570,descendants,yær̃glased,järglased,
2,610,father-in-law (of a man),æi,äi,
2,611,father-in-law (of a woman),æi,äi,
2,620,mother-in-law (of a man),æmm,ämm,
2,621,mother-in-law (of a woman),æmm,ämm,
2,630,son-in-law (of a man),wæimees,väimees,
2,631,son-in-law (of a woman),wæimees,väimees,
2,640,daughter-in-law (of a man),minia,minia,
2,641,daughter-in-law (of a woman),minia,minia,
2,710,stepfather,wəər̃asisa,võõrasisa,
2,720,stepmother,wəər̃asema,võõrasema,
2,730,stepson,wəər̃aspoeg,võõraspoeg,
2,740,stepdaughter,wəər̃astütar̃,võõrastütär,
2,750,orphan,or̃b,orb,
2,760,widow,lesk,lesk,
2,760,widow,lesknaine,lesknaine,
2,770,widower,lesk,lesk,
2,770,widower,leskmees,leskmees,
2,810,"relatives, kinsmen",sugulased,sugulased,
2,820,family,per̃ekond,perekond,
2,910,I,mina,mina,
2,920,you (singular),sina,sina,
2,930,he/she/it,tema,tema,
2,930,he/she/it,ta,ta,
2,940,we,meie,meie,
2,940,we,me,me,
2,950,you (plural),teie,teie,
2,950,you (plural),te,te,
2,960,they,nemad,nemad,
2,960,they,nad,nad,
3,110,animal,loom,loom,
3,120,male (adj),isane,isane,
3,130,female (adj),emane,emane,
3,150,livestock,kar̃iloomad,kariloomad,
3,160,pasture,kar̃yamaa,karjamaa,
3,180,herdsman,kar̃yus,karjus,
3,190,"stable, stall",laut,laut,
3,190,"stable, stall",tall,tall,
3,200,cattle (bovine),kar̃iloomad,kariloomad,
3,210,bull,pull,pull,
3,210,bull,sənn,sõnn,
3,220,ox,hær̃g,härg,
3,230,cow,lehm,lehm,
3,240,calf,wasikas,vasikas,
3,250,sheep,lammas,lammas,
3,260,ram,oinas,oinas,
3,260,ram,yæær̃,jäär,
3,280,ewe,utt,utt,
3,280,ewe,lammas,lammas,
3,290,lamb,woon,voon,
3,290,lamb,tall,tall,
3,320,boar,kult,kult,
3,340,sow (2),emis,emis,
3,350,pig,pər̃sas,põrsas,
3,360,goat,kits,kits,
3,370,he-goat,sokk,sokk,
3,380,kid,kitsetall,kitsetall,
3,410,horse (equine),hobune,hobune,
3,420,stallion,tækk,täkk,
3,440,mare,mær̃a,mära,
3,450,"foal, colt",war̃ss,varss,
3,460,"ass, donkey",eesel,eesel,
3,470,mule,muul,muul,
3,500,fowl,kodulind,kodulind,
3,520,"cock, rooster",kukk,kukk,
3,540,hen,kana,kana,
3,550,chicken,kanapoeg,kanapoeg,
3,560,goose,hani,hani,
3,570,duck,par̃t,part,
3,580,nest,pesa,pesa,
3,581,bird,lind,lind,
3,582,seagull,mer̃ikayakas,merikajakas,
3,583,heron,haigur̃,haigur,
3,584,eagle,kotkas,kotkas,
3,585,hawk,kull,kull,
3,586,vulture,r̃aisakotkas,raisakotkas,
3,591,bat,nahkhiir̃,nahkhiir,
3,592,parrot,papagoi,papagoi,
3,593,crow,war̃es,vares,
3,594,dove,tuwi,tuvi,
3,596,owl,öökull,öökull,
3,610,dog,koer̃,koer,
3,614,rabbit,yænes,jänes,
3,620,cat,kass,kass,
3,622,opossum,opossum,opossum,
3,622,opossum,kukkur̃r̃ott,kukkurrott,
3,630,"mouse, rat",hiir̃,hiir,
3,630,"mouse, rat",r̃ott,rott,
3,650,fish,kala,kala,
3,652,fin (dorsal),uim,uim,
3,653,fishscale,kalasoomus,kalasoomus,
3,654,gill,ləpus,lõpus,
3,655,shell,teokar̃p,teokarp,
3,661,shark,hai,hai,
3,662,"porpoise, dolphin",delfiin,delfiin,
3,663,whale,waal,vaal,
3,664,stingray,astelr̃ai,astelrai,
3,665,freshwater eel,magewee angeryas,magevee angerjas,
3,710,wolf,hunt,hunt,
3,720,lion,ləwi,lõvi,
3,730,bear,kar̃u,karu,
3,740,fox,r̃ebane,rebane,
3,750,deer,hir̃w,hiir,
3,760,monkey,ahw,ahv,
3,770,elephant,elewant,elevant,
3,780,camel,kaamel,kaamel,
3,810,insect,putukas,putukas,
3,811,louse,tæi,täi,
3,812,nit (louse egg),ting,ting,
3,812,nit (louse egg),tæimuna,täimuna,
3,813,flea,kir̃p,kirp,
3,814,centipede,sayayalgne,sajajalgne,
3,815,scorpion,skor̃pion,skorpion,
3,816,cockroach,pr̃ussakas,prussakas,
3,817,ant,sipelgas,sipelgas,
3,818,spider,æmblik,ämblik,
3,819,spider web,æmblikuwər̃k,ämblikuvõrk,
3,820,bee,mesilane,mesilane,
3,821,beeswax,meewaha,meevaha,
3,822,beehive,tar̃u,taru,
3,822,beehive,mesipuu,mesipuu,
3,823,wasp,her̃ilane,herilane,
3,830,fly,kær̃bes,kärbes,
3,831,"sandfly (midge), gnat",kihulane,kihulane,
3,831,"sandfly (midge), gnat",sææsk,sääsk,
3,832,mosquito,moskiito,moskiito,
3,840,worm,uss,uss,
3,840,worm,wagel,vagel,
3,850,snake,madu,madu,
3,850,snake,uss,uss,
3,910,firefly,yaanimar̃dikas,jaanimardikas,
3,920,butterfly,liblikas,liblikas,
3,930,grasshopper,r̃ohutir̃ts,rohutirts,
3,940,snail,tigu,tigu,
3,950,frog,konn,konn,
3,960,lizard,sisalik,sisalik,
3,970,"crocodile, alligator",kr̃okodill,krokodill,
3,970,"crocodile, alligator",alligaator̃,alligaator,
3,980,turtle,kilpkonn,kilpkonn,
4,110,body,keha,keha,
4,110,body,ihu,ihu,
4,120,"skin, hide",nahk,nahk,
4,130,flesh,liha,liha,
4,140,hair (head),yuuksed,juuksed,
4,142,beard,habe,habe,
4,144,body hair,kar̃wad,karv,
4,145,pubic hair,hæbemekar̃wad,häbemekarvad,
4,146,dandruff,kəəm,kõõm,
4,150,blood,wer̃i,veri,
4,151,"vein, artery",ween,veen,
4,151,"vein, artery",ar̃ter,arter,
4,160,bone,kont,kont,
4,160,bone,luu,luu,
4,162,rib,r̃oie,roie,
4,162,rib,r̃ibi,ribi,
4,170,horn,sar̃w,sarv,
4,180,tail,saba,saba,
4,190,back,selg,selg,
4,191,spine,selgr̃oog,selgroog,
4,200,head,pea,pea,
4,201,"side of head, temple",meelekoht,meelekoht,
4,201,"side of head, temple",oim,oim,
4,202,skull,kolyu,kolju,
4,202,skull,pealuu,pealuu,
4,203,brain,ayu,aju,
4,204,face,nægu,nägu,
4,205,forehead,laup,laup,
4,205,forehead,otsmik,otsmik,
4,207,jaw,ləualuu,lõualuu,
4,208,cheek,pəsk,põsk,
4,209,chin,ləug,lõug,
4,210,eye,silm,silm,
4,212,eyebrow,kulm,kulm,
4,213,eyelid,silmalaug,silmalaug,
4,214,eyelash,r̃ipse,ripse,
4,215,blink,silmi pilgutama,silmi pilgutama,
4,220,ear,kər̃w,kõrv,
4,221,earlobe,kər̃wanibu,kõrvanibu,
4,222,earwax,kər̃wawaik,kõrvavaik,
4,230,nose,nina,nina,
4,231,nostril,səər̃e,sõõre,
4,232,mucus (nasal),tatt,tatt,
4,240,mouth,suu,suu,
4,241,beak,nokk,nokk,
4,250,lip,huul,huul,
4,260,tongue,keel,keel,
4,270,tooth,hammas,hammas,
4,271,gums,igemed,igemed,
4,272,molartooth,pur̃ihammas,purihammas,
4,280,neck,kael,kael,
4,281,nape of neck,kukal,kukal,
4,290,throat,kər̃i,kõri,
4,300,shoulder,əlg,õlg,
4,301,shoulderblade,abaluu,abaluu,
4,302,collarbone,r̃angluu,rangluu,
4,310,arm,kæsiwar̃s,käsivars,
4,312,armpit,kaenlaauk,kaenlaauk,
4,320,elbow,küünar̃nukk,küünarnukk,
4,321,wrist,r̃anne,ranne,
4,330,hand,kæsi,käsi,
4,331,palm of hand,pihk,pihk,
4,331,palm of hand,peopesa,peopesa,
4,340,finger,sər̃m,sõrm,
4,342,thumb,pöial,pöial,
4,344,fingernail,küüs,küüs,
4,345,claw,küünis,küünis,
4,350,leg,yalg,jalg,
4,351,thigh,r̃eis,reis,
4,352,calf of leg,sæær̃emar̃i,sääremari,
4,360,knee,pəlw,põlv,
4,370,foot,yalg,jalg,
4,370,foot,labayalg,labajalg,
4,371,ankle,pahkluu,pahkluu,
4,372,heel,kand,kand,
4,374,footprint,yælg,jälg,
4,380,toe,war̃was,varvas,
4,392,wing,tiib,tiib,
4,393,feather,sulg,sulg,
4,400,chest,r̃ind,rind,
4,410,breast (of woman),r̃ind,rind,
4,412,"nipple, teat",nisa,nisa,
4,412,"nipple, teat",r̃ind,rind,
4,420,udder,udar̃,udar,
4,430,navel,naba,naba,
4,440,heart,süda,süda,
4,441,lung,kops,kops,
4,450,liver,maks,maks,
4,451,kidney,neer̃,neer,
4,452,spleen,pər̃n,põrn,
4,460,stomach,magu,magu,
4,461,"intestines, guts",sisikond,sisikond,
4,462,waist,piht,piht,
4,462,waist,talye,talje,
4,463,hip,puus,puus,
4,464,buttocks,taguots,taguots,
4,464,buttocks,istmik,istmik,
4,470,womb,emakas,emakas,
4,490,testicle,munand,munand,
4,492,penis,peenis,peenis,
4,510,"breathe, breath",hingama,hingama,
4,510,"breathe, breath",hingamine,hingamine,
4,520,"yawn, gape",haigutama,haigutama,
4,521,hiccough,luksuma,luksuma,
4,530,cough,köhima,köhima,
4,540,sneeze,aewastama,aevastama,
4,550,perspire,higistama,higistama,
4,560,spit,sülitama,sülitama,
4,570,vomit,oksendama,oksendama,
4,580,bite,hammustama,hammustama,
4,590,lick,lakkuma,lakkuma,
4,591,dribble,nir̃isema,nirisema,
4,591,dribble,nər̃isema,nõrisem,
4,610,sleep,magama,magama,verb
4,612,snore,nor̃skama,norskama,
4,620,dream,und nægema,und nägema,
4,630,wake up,ær̃kama,ärkama,intransitive
4,640,break wind,peer̃etama,peeretama,
4,650,urinate,ur̃ineer̃ima,urineerima,
4,650,urinate,kusema,kusema,
4,660,defecate,r̃ooyama,roojama,
4,660,defecate,sittuma,sittuma,
4,670,have sexual intercourse,sugulises wahekor̃r̃as olema,sugulises vahekorras olema,
4,670,have sexual intercourse,nussima,nussima,
4,680,shiver,wær̃isema,värisema,
4,690,bathe,pesema,pesema,
4,690,bathe,suplema,suplema,
4,710,beget (of father),sigitama,sigitama,
4,720,born (to be),sündima,sündima,
4,720,born (to be),sündinud,sündinud,
4,730,pregnant,r̃ase,rase,
4,730,pregnant,tiine,tiine,pregnant (of an animal)
4,732,conceive,r̃asestuma,rasestuma,
4,732,conceive,eostuma,eostuma,
4,740,"live, living, life",elama,elama,
4,740,"live, living, life",elus,elus,
4,740,"live, living, life",elaw,elav,
4,740,"live, living, life",elu,elu,
4,750,"die, dead",sur̃ema,surema,
4,750,"die, dead",sur̃nud,surnud,
4,751,drowned,uppunud,uppunud,
4,760,kill,tapma,tapma,
4,770,corpse,laip,laip,
4,770,corpse,sur̃nukeha,surnukeha,
4,780,bury (the dead),matma,matma,
4,790,"grave, tomb",haud,haud,
4,790,"grave, tomb",kalm,kalm,
4,810,"strong, mighty, powerful",tugew,tugev,
4,810,"strong, mighty, powerful",wəimas,võimas,
4,810,"strong, mighty, powerful",wægew,vägev,
4,820,weak,nər̃k,nõrk,
4,830,"well, health",ter̃we,terve,
4,830,"well, health",ter̃wis,tervis,
4,840,"sick, sickness",haige,haigus,
4,840,"sick, sickness",haigus,haige,
4,841,fever,palawik,palavik,
4,842,goiter,str̃uuma,struuma,
4,843,cold (catarrh),külmetus,külmetus,
4,850,"wound, sore",haaw,haav,
4,852,bruise,mulyumishaaw,muljumishaav,
4,853,swelling,paistetus,paistetus,
4,854,itch,sügelus,sügelus,
4,854,itch,kihelus,kihelus,
4,855,blister,wesiwill,vesivill,
4,855,blister,r̃akk,rakk,
4,856,boil (noun),paise,paise,
4,857,pus,mæda,mäda,
4,858,scar,ar̃m,arm,
4,860,"cure, heal",r̃awima,ravima,
4,860,"cure, heal",ter̃weks tegema,terveks tegema,
4,870,physician,ar̃st,arst,
4,880,"medicine, drug",r̃awim,ravim,
4,880,"medicine, drug",r̃ohi,rohi,
4,890,poison,mür̃k,mürk,
4,910,"tired, weary",wæsinud,väsinud,
4,912,rest,puhkama,puhkama,
4,920,lazy,laisk,laisk,
4,930,bald,kiilas,kiilas,
4,940,lame,lombakas,lombakas,
4,940,lame,lonkaw,lonkav,
4,950,deaf,kur̃t,kurt,
4,960,mute,tumm,tumm,
4,970,blind,pime,pime,
4,980,intoxicated,pur̃yus,purjus,
4,980,intoxicated,yoobnud,joobnud,
4,990,"naked, bare",alasti,alasti,
4,990,"naked, bare",palyas,paljas,
5,110,eat,sööma,sööma,
5,120,food,toit,toit,
5,120,food,söök,söök,
5,121,cooked,keedetud,keedetud,boiled
5,121,cooked,küpsetatud,küpsetatud,roasted
5,122,raw,toor̃es,toores,
5,123,ripe,küps,küps,
5,123,ripe,walminud,valminud,
5,124,"green, unripe",r̃oheline,roheline,
5,124,"green, unripe",eba-küps,eba-küps,
5,125,rotten,mædanenud,mädanenud,
5,130,drink,yooma,jooma,
5,140,hunger,nælg,nälg,
5,141,famine,nælg,nälg,
5,150,thirst,yanu,janu,
5,160,suck,imema,imema,
5,180,chew,mæluma,mäluma,
5,180,chew,nær̃ima,närima,
5,181,swallow,neelama,neelama,
5,190,choke,læmbuma,lämbuma,intransitive
5,190,choke,læmmatama,lämmatama,transitive
5,210,cook,toitu walmistama,toitu valmistama,
5,220,boil (vb),keetma,keetma,
5,230,"roast, fry",pr̃aadima,praadima,
5,230,"roast, fry",küpsetama,küpsetama,
5,240,bake,küpsetama,küpsetama,
5,250,oven,ahi,ahi,
5,260,"pot, cooking vessel",pott,pott,
5,260,"pot, cooking vessel",kastr̃ul,kastrul,
5,270,kettle,katel,katel,
5,270,kettle,pada,pada,
5,280,pan,pann,pann,
5,310,dish,waagen,vaagen,
5,310,dish,kauss,kauss,
5,320,plate,taldr̃ik,taldrik,
5,330,bowl,kauss,kauss,
5,340,"pitcher, jug",kann,kann,
5,350,"cup, drinking vessel",tass,tass,
5,350,"cup, drinking vessel",kr̃uus,kruss,
5,360,saucer,alustass,alustass,
5,370,spoon,lusikas,lusikas,
5,380,knife (2),nuga,nuga,
5,390,fork (2),kahwel,kahvel,
5,391,tongs,tangid,tangid,
5,410,meal (a),söögiaeg,söögiaeg,
5,410,meal (a),eine,eine,
5,420,breakfast,hommikueine,hommikueine,
5,420,breakfast,hommikusöök,hommikusöök,
5,430,lunch,ləunaoode,lõunaoode,
5,440,dinner,ləuna,lõuna,
5,450,supper,əhtusöök,õhtusöök,
5,450,supper,əhtueine,õhtueine,
5,460,peel,koor̃ima,koorima,
5,470,"sieve, strain",səeluma,sõeluma,
5,470,"sieve, strain",kur̃nama,kurnama,
5,480,scrape,kr̃aapima,kraapima,
5,480,scrape,kaapima,kaapima,
5,490,"stir, mix",segama,segama,
5,490,"stir, mix",liigutama,liigutama,
5,510,bread,leib,leib,
5,530,dough,tainas,tainas,
5,530,dough,taigen,taigen,
5,540,knead,sətkuma,sõtkuma,
5,550,"meal, flour",yahu,jahu,
5,560,"crush, grind",yahwatama,jahvatama,
5,570,mill,weski,veski,
5,580,mortar (2),uhmer̃,uhmer,
5,590,pestle,uhmr̃inui,uhmrinui,
5,610,meat,liha,liha,
5,630,sausage,wor̃st,vorst,
5,640,"soup, broth",supp,supp,
5,640,"soup, broth",pulyong,puljong,
5,650,vegetables,köögiwili,köögivili,
5,660,bean,uba,uba,
5,700,potato,kar̃tul,kartul,
5,710,fruit,puuwili,puuvili,
5,712,bunch,kimp,kimp,
5,712,bunch,kobar̃,kobar,
5,750,fig,wiigimar̃i,viigimari,
5,760,grape,wiinamar̃i,viinamari,
5,770,nut,pæhkel,pähkel,
5,780,olive,oliiw,oliiv,
5,790,oil,əli,õli,
5,791,"grease, fat",r̃asw,rasv,
5,810,salt,sool,sool,
5,820,pepper,pipar̃,pipar,
5,821,chili pepper,tšiili pipar̃,tšilli pipar,
5,840,honey,mesi,mesi,
5,850,sugar,suhkur̃,suhkur,
5,860,milk (noun),piim,piim,
5,870,milk (vb),lüpsma,lüpsma,
5,880,cheese,yuust,juust,
5,890,butter,wəi,või,
5,900,"beverage, drink",yook,jook,
5,910,mead,mədu,mõdu,
5,920,wine,wein,vein,
5,930,beer,əlu,õlu,
5,940,fermented drink,kali,kali,
5,970,egg,muna,muna,
5,971,egg yolk,munakollane,munakollane,
6,110,put on (clothes),r̃iietuma,riietuma,
6,120,"clothing, clothes",r̃iided,riided,
6,120,"clothing, clothes",r̃əiwad,rõivad,
6,130,tailor,r̃ætsep,rätsep,
6,210,cloth,r̃iie,riie,
6,210,cloth,kangas,kangas,
6,220,wool,will,vill,
6,230,"linen, flax",linane r̃iie,linane riie,
6,230,"linen, flax",lina,lina,
6,240,cotton,puuwill,puuvill,
6,250,silk,siid,siid,
6,270,felt,wilt,vilt,
6,280,fur,kar̃usnahk,karusnahk,
6,290,leather,nahk,nahk,
6,310,spin,ketr̃ama,ketrama,
6,320,spindle,wær̃ten,värten,
6,330,weave,kangast kuduma,kangast kuduma,
6,340,loom,kangastelyed,kangasteljed,
6,350,sew,əmblema,õmblema,
6,360,needle,nəel,nõel,
6,370,awl,naaskel,naaskel,
6,380,thread,niit,niit,
6,380,thread,ləng,lõng,
6,390,dye,wær̃wima,värvima,
6,410,cloak,mantel,mantel,
6,411,poncho,pontšo,pontšo,
6,420,woman's dress,kleit,kleit,
6,430,coat,kuub,kuub,
6,430,coat,pintsak,pintsak,
6,440,shirt,sær̃k,särk,
6,450,collar,kr̃ae,krae,
6,460,skirt,seelik,seelik,
6,480,trousers,püksid,püksid,
6,490,"stocking, sock",sukk,sukk,
6,490,"stocking, sock",sokk,sokk,
6,510,shoe,king,king,
6,520,boot,saabas,saabas,
6,540,"shoemaker, cobbler",kingsepp,kingsepp,
6,550,"hat, cap",kübar̃,kübar,
6,550,"hat, cap",müts,müts,
6,570,"belt, girdle",wöö,vöö,
6,580,glove,sər̃mkinnas,sõrmkinnas,
6,590,veil,loor̃,loor,
6,610,pocket,tasku,tasku,
6,620,button,nööp,nööp,
6,630,pin,nööpnəel,nööpnõel,
6,710,"ornament, adornment",kaunistus,kaunistus,
6,710,"ornament, adornment",ehe,ehe,
6,720,jewel,yuweel,juveel,
6,720,jewel,kalliskiwi,kalliskivi,
6,730,ring (for finger),sər̃mus,sõrmus,
6,740,bracelet,kæewər̃u,käevõru,
6,750,necklace,kaelakee,kaelakee,
6,760,bead,helmes,helmes,
6,760,bead,pær̃l,pärl,
6,770,earring,kər̃war̃əngas,kõrvarõngas,
6,780,"headband, headdress",peapael,peapael,
6,780,"headband, headdress",yuukseehis,juukseehis,
6,790,tattoo,tætoweer̃ing,tätoveering,
6,810,"handkerchief, rag",taskur̃ætik,taskurätik,
6,810,"handkerchief, rag",r̃æbal,taskurätt,
6,810,"handkerchief, rag",kalts,kalts,
6,820,towel,kæter̃ætik,käterätik,
6,910,comb,kamm,kamm,
6,920,brush,har̃i,hari,
6,921,braid,punuma,punuma,
6,921,braid,palmitsema,palmitsema,
6,930,razor,habemenuga,habemenuga,
6,940,ointment,salw,salv,
6,940,ointment,wəie,võie,
6,950,soap,seep,seep,
6,960,mirror,peegel,peegel,
7,110,"dwell, live",elama,elama,
7,120,house,maya,maja,
7,130,hut,hütt,hütt,
7,130,hut,onn,onn,
7,131,garden-house,aiamaya,aiamaja,
7,140,tent,telk,telk,
7,150,"yard, court",əu,õu,
7,150,"yard, court",hoow,hoov,
7,160,men's house,poissmeeste maya,poissmeeste maja,
7,170,cookhouse,suweköök,suveköök,
7,180,meeting house,palwemaya,palvemaja,
7,210,room,tuba,tuba,
7,220,"door, gate",uks,uks,
7,220,"door, gate",wær̃aw,värav,
7,221,"doorpost, jamb",uksepiit,uksepiit,
7,230,lock (noun),lukk,lukk,
7,231,"latch, door-bolt",link,ukselink,
7,240,key,wəti,võti,
7,250,window,aken,aken,
7,260,floor,pər̃and,põrand,
7,270,wall,müür̃,müür,outdoor barrier
7,270,wall,sein,sein,indoor partition between rooms
7,310,fireplace,kamin,kamin,
7,320,stove,ahi,ahi,
7,330,chimney,kor̃sten,korsten,
7,370,ladder,r̃edel,redel,
7,420,bed,woodi,voodi,
7,420,bed,sæng,säng,
7,421,pillow,padi,padi,
7,422,blanket,tekk,tekk,
7,430,chair,tool,tool,
7,440,table,laud,laud,
7,450,"lamp, torch",lamp,lamp,
7,460,candle,küünal,küünal,
7,470,shelf,r̃iiul,riiul,
7,480,trough,küna,küna,
7,480,trough,mold,mold,
7,510,roof,katus,katus,
7,520,thatch,əlgkatus,õlgkatus,
7,530,ridgepole,har̃yapær̃lin,harjapärlin,
7,540,rafter,sar̃ikas,sarikas,
7,550,beam,tala,tala,
7,560,"post, pole",teiwas,teivas,
7,560,"post, pole",latt,latt,
7,570,board,plank,plank,
7,570,board,laud,laud,
7,580,arch,wəlw,võlv,
7,610,mason,müür̃sepp,müürsepp,
7,620,brick,telliskiwi,telliskivi,
7,630,mortar,mör̃t,mört́,
7,640,adobe,samaan,samaan,
7,640,adobe,plonn,plonn,
8,110,farmer,pəllumees,põllumees,
8,110,farmer,talunik,talunik,
8,120,field (for cultivation),pəld,põld,
8,130,garden,aed,aed,
8,150,"cultivate, till",wilyelema,viljelema,
8,150,"cultivate, till",har̃ima,maad harima,
8,160,fence,tar̃astama,tarastama,
8,170,ditch,kr̃aaw,kraav,
8,210,plow,kündma,kündma,transitive verb
8,210,plow,ader̃,ader,noun
8,212,furrow,wagu,vagu,
8,220,dig,kaewama,kaevama,
8,230,spade,labidas,labidas,
8,240,shovel,kühwel,kühvel,
8,250,hoe,kəblas,kõblas,
8,260,fork,har̃k,hark,
8,260,fork,han,han,
8,260,fork,wigel,vigel,
8,270,rake,r̃eha,reha,
8,310,sow,külwama,külvama,
8,311,seed,seeme,seeme,
8,320,"mow, reap",niitma,niitma,
8,320,"mow, reap",wilya ləikama,vilja lõikama,
8,330,"sickle, scythe",sir̃p,sirp,
8,330,"sickle, scythe",wikat,vikat,
8,340,thresh,wilya peksma,vilja peksma,
8,340,thresh,r̃ehte peksma,rehte peksma,
8,350,threshing-floor,r̃ehealune,rehealune,
8,410,"crop, harvest",saak,saak,
8,410,"crop, harvest",wilyaləikus,viljalõikus,
8,420,"grain (barley, oats etc)",ter̃awili,teravili,
8,430,wheat,nisu,nisu,
8,440,barley,oder̃,oder,
8,450,rye,r̃ukis,rukis,
8,460,oats,kaer̃,kaer,
8,470,"maize, corn",mais,mais,
8,480,rice,r̃iis,riis,
8,510,grass,r̃ohi,rohi,
8,520,hay,hein,hein,
8,530,plant (noun),taim,taim,
8,531,plant (vb),istutama,istutama,
8,540,root,yuur̃,juur,
8,550,branch,oks,oks,
8,560,leaf,leht,leht,
8,570,flower,lill,lill,
8,600,tree,puu,puu,
8,610,oak,tamm,tamm,
8,620,beech,pöök,pöök,
8,630,birch,kask,kask,
8,640,pine,mænd,mänd,
8,650,fir,kuusk,kuusk,
8,660,acorn,tammetər̃u,tammetõru,
8,670,vine,wiinapuu,viinapuu,
8,670,vine,wiinamar̃yapəəsas,viinamarjapõõsas,
8,680,tobacco,tubakas,tubakas,
8,690,smoke (tobacco),suitsetama,suitsetama,
8,691,pipe,piip,piip,
8,720,tree stump,kænd,känd,
8,730,tree trunk,puutüwi,puutüvi,
8,740,forked branch,har̃aline oks,haraline oks,
8,750,bark,puukoor̃,puukoor,
8,760,sap,mahl,mahl,
8,810,palm tree,palm,palm,
8,820,coconut,kookospæhkel,kookospähkel,
8,830,citrus fruit,tsitr̃uswili,tsitrusvili,
8,840,banana tree,banaanipuu,banaanipuu,
8,850,banyan,bengali wiigipuu,bengali viigipuu,
8,910,sweet potato,bataat,bataat,
8,910,sweet potato,maguskar̃tul,maguskartul,
8,912,yam,yamss,jamss,
8,920,"tapioca, manioc, cassava",tapiokk,tapiokk,
8,930,gourd,pudelkər̃wits,pudelkõrvits,
8,931,"pumpkin, squash",kər̃wits,kõrvits,
8,940,bamboo,bambus,bambus,
8,941,sugar cane,suhkr̃ur̃oog,suhkr̃ur̃oog,
8,970,nettle,nəges,nõges,
8,980,mushroom,seen,seen,
9,110,"do, make",tegema,tegema,
9,110,"do, make",walmistama,valmistama,
9,120,work,töötama,töötama,
9,140,bend,painutama,painutama,
9,150,fold,woltima,voltima,
9,160,"tie, bind",siduma,siduma,
9,160,"tie, bind",köitma,köitma,
9,161,untie,lahti siduma,lahti siduma,
9,180,chain,ahel,ahel,
9,180,chain,kett,kett,
9,190,"rope, cord",nöör̃̈,nöör,
9,190,"rope, cord",pael,pael,
9,190,"rope, cord",köis,köis,
9,192,knot (noun),səlm,sõlm,
9,210,"strike (hit, beat)",lööma,lööma,
9,210,"strike (hit, beat)",peksma,peksma,
9,211,pound with fist,r̃usikaga lööma,rusikaga lööma,
9,220,cut,ləikama,lõikama,
9,221,cut down,kær̃pima,kärpima,
9,221,cut down,maha ləikama,maha lõikama,
9,222,"chop, hew",r̃aiuma,raiuma,
9,223,stab,læbi pistma,läbi pistma,
9,223,stab,pussitama,pussitama,
9,230,knife,nuga,nuga,
9,240,"scissors, shears",kæær̃id,käärid,
9,250,ax,kir̃wes,kirves,
9,251,adze,tahumiskir̃wes,tahumiskirves,
9,260,break,mur̃dma,murdma,
9,261,broken,mur̃tud,murtud,
9,270,split,ləhkuma,lõhkuma,
9,270,split,ləhestama,lõhestama,
9,280,tear,r̃ebima,rebima,
9,280,tear,kiskuma,kiskuma,
9,290,"flay, skin",nülgima,nülgima,
9,290,"flay, skin",nahka maha wətma,nahka maha võtma,
9,310,"rub, wipe",həər̃uma,hõõruma,
9,320,stretch,wenitama,venitama,
9,320,stretch,pingule təmbama,pingule tõmbama,
9,330,pull,təmbama,tõmbama,
9,340,spread out,laotama,laotama,
9,341,hang up,r̃iputama,riputama,
9,342,press,wayutama,vajutama,
9,342,press,sur̃uma,suruma,
9,343,"squeeze, wring",pigistama,pigistama,
9,350,pour,walama,valama,
9,350,pour,kallama,kallama,
9,360,wash,pesema,pesema,
9,370,sweep,pühkima,pühkima,
9,380,broom,luud,luud,
9,422,tool,töör̃iist,tööriist,
9,430,carpenter,puusepp,puusepp,
9,440,build,ehitama,ehitama,
9,460,bore,puur̃ima,puurima,
9,461,hollow out,əənestama,õõnestama,
9,480,saw,saag,saag,
9,490,hammer,haamer̃,haamer,
9,500,nail,nael,nael,
9,560,glue,liim,liim,
9,600,"smith, blacksmith",sepp,sepp,
9,610,forge,sepistama,sepistama,
9,620,anvil,alasi,alasi,
9,630,cast (metals),walama,valama,
9,640,gold,kuld,kuld,
9,650,silver,həbe,hõbe,
9,660,"copper, bronze",wask,vask,
9,660,"copper, bronze",pr̃onks,pronks,
9,670,iron,r̃aud,raud,
9,680,lead (noun),plii,plii,
9,690,"tin, tinplate",tina,tina,
9,690,"tin, tinplate",tinutatud plekk,tinutatud plekk,
9,710,potter,pottsepp,pottsepp,
9,720,mold (clay etc),wor̃mi walama,vormi valama,
9,720,mold (clay etc),wor̃mima,vormima,
9,720,mold (clay etc),woolima,voolima,
9,730,clay,sawi,savi,
9,740,glass,klaas,klaas,
9,750,"weave, plait",punuma,punuma,
9,750,"weave, plait",palmima,palmima,
9,760,basket,kor̃w,korv,
9,770,mat,matt,matt,
9,770,mat,yalamatt,jalamatt,
9,771,rug,waip,vaip,
9,780,netbag,wər̃k,võrk,
9,790,fan (noun),lehwik,lehvik,
9,791,fan (vb),tuulama,tuulama,
9,791,fan (vb),tuulutama,tuulutama,
9,810,carve,wælya r̃aiuma,välja raiuma,
9,810,carve,woolima,voolima,
9,820,sculptor,skulptor̃,skulptor,
9,830,statue,kuyu,kuju,
9,840,chisel,peitel,peitel,
9,840,chisel,meisel,meisel,
9,880,paint (noun),wær̃w,värv,
9,890,paint (vb),wær̃wima,värvima,
10,110,move,liigutama,liigutama,
10,120,turn over,pöör̃ama,ümber pöörama,
10,130,turn around,keer̃ama,keerama,
10,130,turn around,keer̃utama,keerutama,
10,140,"wind, wrap",mæssima,mässima,
10,140,"wind, wrap",mæhkima,mähkima,
10,150,roll,r̃ullima,rullima,
10,150,roll,weer̃etama,veeretama,
10,160,drop (vb),pillama,pillama,
10,170,twist,wæænama,väänama,
10,170,twist,keer̃ama,keerama,
10,210,rise,təusma,tõusma,
10,220,"raise, lift",təstma,tõstma,
10,230,fall,kukkuma,kukkuma,
10,240,drip,tilkuma,tilkuma,
10,250,throw,wiskama,viskama,
10,252,catch (ball),püüdma,püüdma,
10,260,shake,r̃aputama,raputama,
10,320,flow,woolama,voolama,
10,330,sink,langema,langema,
10,330,sink,laskuma,laskuma,
10,330,sink,wayuma,vajuma,
10,340,float,uyuma,ujuma,
10,350,swim,uyuma,ujuma,
10,351,dive,sukelduma,sukelduma,
10,352,splash,pladistama,pladistama,
10,352,splash,pr̃itsima,pritsima,
10,360,sail (vb),pur̃yetama,purjetama,
10,360,sail (vb),laewaga səitma,laevaga sõitma,
10,370,fly (vb),lendama,lendama,
10,380,blow,puhuma,puhuma,
10,410,"creep, crawl",r̃oomama,roomama,
10,412,kneel,pəlwitama,põlvitama,
10,413,crouch,küür̃utama,küürutama,
10,420,"slide, slip",libisema,libisema,
10,430,"jump, leap",hüppama,hüppama,
10,431,kick,pətkima,põtkima,
10,431,kick,yalaga lööma,jalaga lööma,
10,440,dance,tantsima,tantsima,
10,450,walk,kæima,käima,
10,450,walk,kəndima,kõndima,
10,451,limp,lonkama,lonkama,
10,460,run,yooksma,jooksma,
10,470,go,minema,minema,
10,470,go,kæima,käima,
10,471,go up,üles minema,üles minema,
10,472,climb,r̃onima,ronima,
10,473,go down,alla minema,alla minema,
10,474,go out,wælya minema,väljä minema,
10,480,come,tulema,tulema,
10,481,come back,tagasi tulema,tagasi tulema,
10,481,come back,naasma,naasma,
10,490,"go away, depart",lahkuma,lahkuma,
10,490,"go away, depart",ær̃a minema,ära minema,
10,491,disappear,kaduma,kaduma,
10,510,flee,pəgenema,põgenema,
10,520,follow,yær̃gnema,järgnema,
10,520,follow,yær̃gima,järgima,
10,530,pursue,taga ayama,taga ajama,
10,530,pursue,yælitama,jälitama,
10,550,"reach, arrive",saabuma,saabuma,
10,550,"reach, arrive",yəudma,jõudma,
10,560,approach,læhenema,lähenema,
10,560,approach,liginema,liginema,
10,570,enter,sisenema,sisenema,
10,570,enter,sisse astuma,sisse astuma,
10,610,carry (bear),kandma,kandma,
10,612,carry-in-hand,kandma,kandma,
10,612,carry-in-hand,kæes kandma,käes kandma,
10,613,carry-on-shoulder,əlal kandma,õlal kandma,
10,614,carry-on-head,pea peal kandma,pea peal kandma,
10,615,carry-underarm,kaenla all kandma,kaenla all kandma,
10,620,bring,tooma,tooma,
10,630,send,saatma,saatma,
10,640,lead (vb),yuhtima,juhtima,
10,650,drive,yuhtima,juhtima,
10,660,ride,r̃atsutama,ratsutama,"to ride on a horse or saddle; figuratively also, to exploit something"
10,660,ride,səitma,sõitma,to ride (in) a vehicle
10,670,"push, shove",təukama,tõukama,
10,670,"push, shove",lükkama,lükkama,
10,710,road,tee,tee,
10,710,road,maan-tee,maan-tee,
10,720,path,teer̃ada,teerada,
10,720,path,yalgtee,jalgtee,
10,740,bridge,sild,sild,
10,750,"carriage, wagon, cart",wanker̃,vanker,
10,750,"carriage, wagon, cart",wagun,vagun,
10,750,"carriage, wagon, cart",kaar̃ik,kaarik,
10,760,wheel,r̃atas,ratas,
10,770,axle,r̃attatelg,rattatelg,
10,770,axle,ass,ass,
10,780,yoke,ike,ike,
10,810,ship,laew,laev,
10,830,boat,paat,paat,
10,831,canoe,süst,süst,
10,831,canoe,kanuu,kanuu,
10,832,outrigger,ulgtullpaat,ulgtulpaat,
10,840,raft,par̃w,parv,
10,850,oar,aer̃,aer,
10,851,paddle (noun),məla,mõla,
10,852,row (vb),səudma,sõudma,
10,852,row (vb),aer̃utama,aerutama,
10,860,rudder,tüür̃,tüür,
10,860,rudder,r̃ool,rool,
10,870,mast,mast,mast,
10,880,sail (noun),pur̃i,puri,
10,890,anchor,ankur̃,ankur,
10,910,"harbor, port",sadam,sadam,
10,920,land (vb),maabuma,maabuma,
10,920,land (vb),r̃anduma,randuma,
11,110,have,olema,olema,"lit. to be; the construction has the possessor in the adessive case, the verb agreeing with the possessum, and the possessum in the nominative case"
11,110,have,omama,omama,to own
11,120,"own, possess",omama,omama,
11,120,"own, possess",waldama,valdama,
11,130,take,wətma,võtma,
11,140,"seize, grasp",haar̃ama,haarama,
11,150,hold,hoidma,hoidma,
11,150,hold,pidama,pidama,
11,160,"get, obtain",saama,saama,
11,160,"get, obtain",saawutama,saavutama,
11,170,"keep, retain",hoidma,hoidma,
11,170,"keep, retain",sæilitama,säilitama,
11,170,"keep, retain",pidama,pidama,
11,180,thing,asi,asi,
11,210,give,andma,andma,
11,220,give back,tagasi andma,tagasi andma,
11,220,give back,tagastama,tagastama,
11,240,"preserve, look after",sæilitama,säilitama,
11,240,"preserve, look after",hoidma,hoidma,
11,250,"save, rescue",pææstma,päästma,
11,250,"save, rescue",wabastama,vabastama,
11,270,destroy,hæwitama,hävitama,
11,270,destroy,pur̃ustama,purustama,
11,280,"harm, injure, damage",kahyustama,kahjustama,
11,310,"seek, look for",otsima,otsima,
11,320,find,leidma,leidma,
11,330,lose,kaotama,kaotama,
11,340,"release, let go",wabastama,vabastama,
11,340,"release, let go",wabaks laskma,vabaks laskma,
11,430,money,r̃aha,raha,
11,440,coin,münt,münt,
11,510,rich,r̃ikas,rikas,
11,520,poor,waene,vaene,
11,530,beggar,ker̃yus,kerjus,
11,530,beggar,sant,sant,
11,540,"avaricious, stingy",ahne,ahne,
11,610,lend,laenama,laenama,
11,610,lend,laenuks andma,laenuks andma,
11,620,borrow,laenama,laenama,
11,620,borrow,laenuks wətma,laenuks võtma,
11,630,owe,wəlgnema,võlgnema,
11,630,owe,wəlgu olema,võlgu olema,
11,640,debt,wəlg,võlg,
11,650,pay (vb),maksma,maskma,
11,650,pay (vb),tasuma,tasuma,
11,660,"account, reckoning",ar̃we,arve,
11,690,"tax, tribute",maks,maks,
11,770,hire,tööle wətma,tööle võtma,
11,770,hire,palkama,palkama,
11,780,wages,palk,palk,
11,780,wages,töötasu,töötasu,
11,790,earn,teenima,teenima,
11,810,buy,ostma,ostma,
11,820,sell,müüma,müüma,
11,830,"trade, barter",kauplema,kauplema,
11,840,merchant,kaupmees,kaupmees,
11,850,market (place),tur̃g,turg,
11,860,"store, shop",kauplus,kauplus,
11,860,"store, shop",pood,pood,
11,870,price,hind,hind,
11,880,"dear (costly, expensive)",kallis,kallis,
11,890,cheap,odaw,odav,
11,910,share (distribute),yagama,jagama,
11,920,weigh,kaaluma,kaaluma,
12,10,after,pær̃ast,pärast,
12,11,behind,taga,taga,
12,20,beside,kər̃wal,kõrval,
12,30,"down, below",all,all,situated beneath sth.
12,30,"down, below",alla,alla,in a downward direction relative to sth.
12,40,before,enne,enne,
12,41,front,esikülg,esikülg,
12,50,"inside, in",sees,sees,
12,60,outside,wælyas,väljas,
12,70,under,all,all,
12,80,"up, above",ülewal,üleval,
12,80,"up, above",kohal,kohal,
12,110,place,koht,koht,
12,110,place,paik,paik,
12,120,put,panema,panema,
12,120,put,asetama,asetama,
12,130,sit,istuma,istuma,
12,140,lie down,lamama,lamama,
12,140,lie down,lebama,lebama,
12,150,stand,seisma,seisma,
12,160,"remain, stay",yææma,jääma,
12,170,"remains, left overs",yæægid,jäägid,
12,210,"collect, gather",koguma,koguma,
12,210,"collect, gather",kor̃yama,korjama,
12,212,pick up,üles wətma,üles võtma,
12,212,pick up,üles kor̃yama,üles korjama,
12,213,pile up,kuhyama,kuhjama,
12,220,"join, unite",ühendama,ühendama,
12,220,"join, unite",liitma,liitma,
12,230,separate,lahutama,lahutama,
12,232,divide,yagama,jagama,
12,232,divide,yaotama,jaotama,
12,240,open,awama,avama,
12,240,open,lahti tegema,lahti tegema,
12,250,"shut, close",sulgema,sulgema,
12,250,"shut, close",kinni panema,kinni panema,
12,260,cover,katma,katma,
12,270,"hide, conceal",peitma,peitma,
12,270,"hide, conceal",war̃yama,varjama,
12,310,high,kər̃ge,kõrge,
12,320,low,madal,madal,
12,330,top,tipp,tipp,
12,340,bottom,pəhi,põhi,
12,350,end,ləpp,lõpp,
12,352,pointed,ter̃aw,terav,
12,353,edge,ser̃w,serv,
12,353,edge,æær̃,äär,
12,360,side,külg,külg,
12,360,side,pool,pool,
12,370,"middle, center",keskmine,keskmine,adjective
12,370,"middle, center",keskus,keskus,noun
12,410,right (side),par̃em,parem,
12,420,left (side),wasak,vasak,
12,430,near (adv),læhedal,lähedal,
12,440,far (adv),kaugel,kaugel,
12,450,east,ida,ida,
12,460,west,lææs,lääs,
12,470,north,pəhi,põhi,
12,480,south,ləuna,lõuna,
12,530,grow,kaswama,kasvama,
12,540,measure,məətma,mõõtma,
12,541,"span, fathom",waks,vaks,
12,541,"span, fathom",süld,süld,
12,550,"large, big",suur̃,suur,
12,560,"small, little",wæike,väike,
12,570,long,pikk,pikk,
12,580,tall,pikk,pikk,
12,580,tall,kər̃ge,kõrge,
12,590,short,lühike,lühike,
12,610,"wide, broad",lai,lai,
12,620,narrow,kitsas,kitsas,
12,630,thick (in dimension),paks,paks,
12,650,thin (in dimension),peenike,peenike,
12,650,thin (in dimension),kəhn,kõhn,
12,670,deep,sügaw,sügav,
12,680,shallow,madal,madal,
12,710,flat,lame,lame,
12,710,flat,tasane,tasane,
12,730,straight,sir̃ge,sirge,
12,740,crooked,kəwer̃,kõver,
12,740,crooked,wildak,vildak,
12,750,hook,konks,konks,
12,750,hook,haak,haak,
12,760,corner,nur̃k,nurk,
12,770,cross,r̃ist,rist,
12,780,square,nelinur̃k,nelinurk,
12,810,round,ümmar̃gune,ümmargune,
12,820,circle,r̃ing,ring,
12,830,"sphere, ball",ker̃a,kera,
12,830,"sphere, ball",pall,pall,
12,840,line,yoon,joon,
12,840,line,r̃ida,rida,
12,850,hole,auk,auk,
12,920,"like, similar",sar̃nane,sarnane,
12,920,"like, similar",samasugune,samasugune,
12,930,change,muutma,muutma,
12,930,change,wahetama,vahetama,can also mean: to exchange
13,0,"zero, nothing",null,null,
13,0,"zero, nothing",mitte midagi,mitte midagi,
13,10,one,üks,üks,
13,20,two,kaks,kaks,
13,30,three,kolm,kolm,
13,40,four,neli,neli,
13,50,five,wiis,viis,
13,60,six,kuus,kuus,
13,70,seven,seitse,seitse,
13,80,eight,kaheksa,kaheksa,
13,90,nine,üheksa,üheksa,
13,100,ten,kümme,kümme,
13,101,eleven,üksteist,üksteist,
13,102,twelve,kaksteist,kaksteist,
13,103,fifteen,wiisteist,viisteist,
13,104,twenty,kakskümmend,kakskümmend,
13,105,hundred,sada,sada,
13,106,thousand,tuhat,tuhat,
13,107,count,loendama,loendama,
13,140,"every, all",igaüks,igaüks,
13,140,"every, all",kəik,kõik,
13,150,"much, many",palyu,palju,
13,160,more,r̃ohkem,rohkem,
13,170,"little (quantity), few",wæhe,vähe,
13,180,enough,küllalt,küllalt,
13,181,some,məni,mõni,
13,181,some,natuke,natuke,
13,190,"multitude, crowd",hulk,hulk,
13,190,"multitude, crowd",r̃ahwahulk,rahvahulk,
13,210,full,tæis,täis,
13,220,empty,tühi,tühi,
13,230,"part, piece",osa,osa,
13,230,"part, piece",yagu,jagu,
13,230,"part, piece",tükk,tükk,
13,240,half,pool,pool,
13,330,"alone, only",üksi,üksi,
13,330,"alone, only",ainus,ainus,
13,330,"alone, only",ainult,ainult,
13,330,"alone, only",waid,vaid,
13,340,first,esimene,esimene,
13,350,last,wiimane,viimane,
13,360,second,teine,teine,
13,370,pair,paar̃,paar,
13,380,two times,kaks kor̃da,kaks korda,
13,420,third,kolmas,kolmas,
13,440,three times,kolm kor̃da,kolm korda,
14,110,time,aeg,aeg,
14,120,age,wanus,vanus,
14,130,new,uus,uus,
14,140,young,noor̃,noor,
14,150,old,wana,vana,
14,160,early,war̃a,vara,
14,170,late,hilya,hilja,
14,180,now,nüüd,nüüd,
14,180,now,pr̃aegu,praegu,
14,190,immediately,otsekohe,otsekohe,
14,210,"swift, fast, quick",kiir̃e,kiire,
14,210,"swift, fast, quick",kær̃mas,kärmas,
14,220,slow,aeglane,aeglane,
14,230,"hasten, hurry",kiir̃ustama,kiirustama,
14,230,"hasten, hurry",r̃uttama,ruttama,
14,240,"retard, delay",wiiwitama,viivitama,
14,250,"begin, beginning",alustama,alustama,
14,250,"begin, beginning",hakkama,hakkama,
14,250,"begin, beginning",algus,algus,
14,252,"last, endure",kestma,kestma,
14,260,end (temporal),ləpp,lõpp,
14,270,finish,ləpetama,lõpetama,transitive
14,280,"cease, stop",peatuma,peatuma,
14,280,"cease, stop",ləppema,lõppema,intransitive
14,290,ready,walmis,valmis,
14,310,always,alati,alati,
14,320,often,tihti,tihti,
14,320,often,sageli,sageli,
14,330,sometimes,mənikor̃d,mõnikord,
14,330,sometimes,wahel,vahel,
14,331,soon,war̃sti,varsti,
14,332,long-time (for a),kaua,kaua,
14,340,never,mitte kunagi,mitte kunagi,
14,340,never,ei iialgi,ei iialgi,
14,350,again,yælle,jälle,
14,350,again,uuesti,uuesti,
14,410,day,pæew,päev,
14,420,night,öö,öö,
14,430,dawn,koit,koit,
14,430,dawn,koidik,koidik,
14,440,morning,hommik,hommik,
14,450,"noon, midday",keskpæew,keskpäev,
14,450,"noon, midday",ləuna,lõuna,
14,451,afternoon,pær̃astləuna,pärastlõuna,
14,460,evening,əhtu,õhtu,
14,470,today,tæna,täna,
14,480,tomorrow,homme,homme,
14,481,day-after-tomorrow,ülehomme,ülehomme,
14,490,yesterday,eile,eile,
14,491,day-before-yesterday,üleeile,üleeile,
14,510,hour,tund,tund,
14,530,"clock, timepiece",kell,kell,
14,610,week,nædal,nädal,
14,620,Sunday,pühapæew,pühapäev,
14,630,Monday,esmaspæew,esmaspäev,
14,640,Tuesday,teisipæew,teisipäev,
14,650,Wednesday,kolmapæew,kolmapäev,
14,660,Thursday,nelyapæew,neljapäev,
14,670,Friday,r̃eede,reede,
14,680,Saturday,laupæew,laupäev,
14,710,month,kuu,kuu,
14,730,year,aasta,aasta,
14,740,winter,talw,talv,
14,750,spring,kewad,kevad,
14,760,summer,suwi,suvi,
14,770,autumn,sügis,sügis,
14,780,season,aastaaeg,aastaaeg,
15,210,smell (vb intrans),ləhnama,lõhnama,
15,212,sniff,nuhutama,nuhutama,
15,220,smell (vb trans),nuusutama,nuusutama,
15,250,"fragrant, good smelling",healəhnaline,healõhnaline,
15,250,"fragrant, good smelling",ar̃omaatne,aromaatne,
15,260,"stinking, bad smelling",haisew,haisev,
15,260,"stinking, bad smelling",lehkaw,lehkav,
15,310,taste,maitsma,maitsma,
15,350,sweet,magus,magus,
15,360,salty,soolane,soolane,
15,370,bitter,kibe,kibe,
15,370,bitter,mər̃u,mõru,
15,380,"acid, sour",hapu,hapu,
15,390,brackish,soolakas,soolakas,
15,410,hear,kuulma,kuulma,
15,420,listen,kuulama,kuulama,
15,440,"sound, noise",heli,heli,
15,440,"sound, noise",hææl,hääl,
15,450,loud,wali,vali,
15,450,loud,kəwa,kõva,
15,460,"quiet, silence",waikus,vaikus,
15,510,see,nægema,nägema,
15,520,"look, look at",waatama,vaatama,
15,520,"look, look at",waatlema,vaatlema,
15,550,show,næitama,näitama,
15,560,shine,paistma,paistma,
15,560,shine,sær̃ama,särama,
15,570,bright,hele,hele,
15,570,bright,sær̃aw,särav,
15,610,color,wær̃w,värv,
15,620,light (in color),hele,hele,
15,630,dark (in color),tume,tume,
15,640,white,walge,valge,
15,650,black,must,must,
15,660,red,punane,punane,
15,670,blue,sinine,sinine,
15,680,green,r̃oheline,roheline,
15,690,yellow,kollane,kollane,
15,710,touch,puudutama,puudutama,
15,712,pinch,næpistama,näpistama,
15,720,feel,tundma,tundma,
15,740,hard,kəwa,kõva,
15,750,soft,pehme,pehme,
15,760,rough,kar̃e,kare,
15,760,rough,kar̃m,karm,
15,770,smooth,sile,sile,
15,770,smooth,tasane,tasane,
15,780,sharp,ter̃aw,terav,
15,790,"blunt, dull",nür̃i,nüri,
15,810,heavy,r̃aske,raske,
15,820,light (in weight),ker̃ge,kerge,
15,830,"wet, damp",mær̃g,märg,
15,830,"wet, damp",niiske,niiske,
15,840,dry,kuiw,kuiv,
15,850,hot,kuum,kuum,
15,850,hot,tuline,tuline,
15,851,warm,soe,soe,
15,860,cold,külm,külm,
15,870,clean,puhas,puhas,
15,880,"dirty, soiled",must,must,
15,880,"dirty, soiled",mæær̃dunud,määrdunud,
15,890,wrinkled,kor̃tsuline,kortsuline,
16,110,"soul, spirit",hing,hing,
16,110,"soul, spirit",waim,vaim,
16,150,"surprised, astonished",imestunud,imestunud,
16,150,"surprised, astonished",üllatunud,üllatunud,
16,180,"good fortune, luck",ənn,õnn,
16,190,"misfortune, bad luck",ebaənn,ebaõnn,
16,190,"misfortune, bad luck",ənnetus,õnnetus,
16,230,"joyful, glad, happy",r̃əəmus,rõõmus,
16,230,"joyful, glad, happy",ləbus,lõbus,
16,230,"joyful, glad, happy",ənnelik,õnnelik,
16,250,laugh,naer̃ma,naerma,
16,251,smile,naer̃atama,naeratama,
16,260,play,mængima,mängima,
16,270,love,ar̃mastus,armastus,noun
16,270,love,ar̃mastama,armastama,verb
16,290,kiss,suudlema,suudlema,
16,300,embrace,embama,embama,
16,310,pain,walu,valu,
16,310,pain,piin,piin,
16,320,"grief, sorrow, sadness",kur̃bus,kurbus,
16,320,"grief, sorrow, sadness",kur̃wastus,kurvastus,
16,330,"anxiety, worry",mur̃e,mure,
16,340,"regret, be sorry",kahetsema,kahetsema,
16,350,pity,kaastunne,kaastunne,
16,350,pity,halastus,halastus,
16,370,"cry, weep",nutma,nutma,
16,380,tear (noun),pisar̃,pisar,
16,390,groan,ægama,ägama,
16,390,groan,oigama,oigama,
16,410,hate,wihkama,vihkama,transitive verb
16,410,hate,wihkamine,vihamine,noun
16,410,hate,wihawaen,vihavaen,noun
16,420,anger,wiha,viha,noun
16,440,"envy, jealousy",kadedus,kadedus,
16,440,"envy, jealousy",ar̃mukadedus,armukadedus,
16,450,shame (noun),hæbi,häbi,
16,480,proud,uhke,uhke,
16,480,proud,kər̃k,kõrk,
16,510,dare,yulgema,julgema,
16,510,dare,söandama,söandama,
16,520,brave,yulge,julge,
16,520,brave,wapper̃,vapper,
16,530,"fear, fright",kar̃tus,kartus,
16,530,"fear, fright",hir̃m,hirm,
16,540,danger,hædaoht,hädäoht,
16,540,danger,oht,oht,
16,620,"desire, want",soowima,soovima,
16,620,"desire, want",tahtma,tahtma,
16,622,choose,walima,valima,
16,630,hope,lootus,lootus,
16,650,faithful,ustaw,ustav,
16,650,faithful,tr̃uu,truu,
16,660,true,əige,õige,
16,660,true,təsi,tõsi,
16,670,"lie, tell lies",waletama,valetama,
16,680,deceit,pettus,pettus,
16,690,forgive,andestama,andestama,
16,690,forgive,andeks andma,andeks andma,
16,710,good,hea,hea,
16,720,bad,halb,halb,
16,720,bad,paha,paha,
16,730,"right, correct",əige,õige,
16,740,wrong,wale,vale,
16,740,wrong,wæær̃,väär,
16,760,fault,süü,süü,
16,770,"mistake, error",wiga,viga,
16,770,"mistake, error",eksitus,eksitus,
16,780,blame,laitus,laitus,
16,790,praise,kiitus,kiitus,
16,810,beautiful,ilus,ilus,
16,810,beautiful,kaunis,kaunis,
16,820,ugly,inetu,inetu,
16,830,greedy,ahne,ahne,
16,840,clever,tar̃k,tark,
16,840,clever,intelligentne,intelligentne,
17,110,mind,məistus,mõistus,
17,110,mind,ar̃u,aru,
17,130,think (= reflect),mətlema,mõtlema,
17,140,think (= be of the opinion),ar̃wama,arvama,
17,150,believe,uskuma,uskuma,
17,160,understand,ar̃u saama,aru saama,
17,160,understand,məistma,mõistma,
17,170,know,teadma,teadma,
17,170,know,tundma,tundma,
17,171,guess,ar̃wama,arvama,
17,171,guess,oletama,oletama,
17,172,imitate,yælyendama,jäljendama,
17,172,imitate,matkima,matkima,
17,180,seem,næima,näima,
17,180,seem,tunduma,tunduma,
17,190,"idea, notion",məte,mõte,
17,190,"idea, notion",idee,idee,
17,190,"idea, notion",kuyutlus,kujutlus,
17,210,wise,tar̃k,tark,
17,220,"foolish, stupid",r̃umal,rumal,
17,220,"foolish, stupid",yuhm,juhm,
17,230,"insane, crazy",hullumeelne,hullumeelne,
17,230,"insane, crazy",hull,hull,
17,240,learn,əppima,õppima,
17,242,study,əppima,õppima,
17,250,teach,əpetama,õpetama,
17,260,pupil,əpilane,õpilane,
17,270,teacher,əpetaya,õpetaja,
17,280,school,kool,kool,
17,310,remember,mæletama,mäletama,
17,310,remember,meeles pidama,meeles pidama,
17,320,forget,unustama,unustama,
17,340,"clear, plain",selge,selge,
17,340,"clear, plain",ar̃usaadaw,arusaadav,
17,350,obscure,selgusetu,selgusetu,
17,350,obscure,segane,segane,
17,360,secret,salayane,salajane,
17,370,"sure, certain",kindel,kindel,
17,380,explain,seletama,seletama,
17,380,explain,selgitama,selgitama,
17,410,"intention, purpose",kawatsus,kavatsus,
17,410,"intention, purpose",eesmær̃k,eesmärk,
17,420,cause,pəhyustama,põhjustama,
17,420,cause,tekitama,tekitama,
17,430,doubt,kahtlema,kahtlema,
17,440,suspect,kahtlustama,kahtlustama,
17,441,betray,r̃eetma,reetma,
17,450,"need, necessity",wayadus,vajadus,
17,450,"need, necessity",tar̃widus,tarvidus,
17,460,easy,ker̃ge,kerge,
17,470,difficult,r̃aske,raske,
17,480,"try, attempt",püüdma,püüdma,
17,480,"try, attempt",ür̃itama,üritama,
17,490,"way, manner",toimimiswiis,toimimisviis,
17,490,"way, manner",kæitumine,käitumine,
17,510,and,ya,ja,
17,520,because,sest et,sest et,
17,520,because,sellepær̃ast et,sellepärast et,
17,530,if,kui,kui,
17,540,or,wəi,või,
17,550,"yes, affirmative",yah,jah,
17,550,"yes, affirmative",yaataw,jaatav,
17,560,"no, negative",ei,ei,
17,560,"no, negative",eitaw,eitav,
17,610,how?,kuidas,kuidas,
17,620,how many?,palyu,palju,
17,620,how many?,mitu,mitu,
17,630,how much?,palyu,palju,
17,640,what?,mis,mis,
17,640,what?,mida,mida,
17,650,when?,millal,millal,
17,660,where?,kus,kus,at what place?
17,660,where?,kuhu,kuhu,to where?
17,670,which?,missugune,missugune,
17,670,which?,milline,milline,
17,680,who?,kes,kes,
17,690,why?,miks,miks,
18,110,voice,hææl,hääl,
18,120,sing,laulma,laulma,
18,130,"shout, cry out",hüüdma,hüüdma,
18,130,"shout, cry out",kar̃yuma,karjuma,
18,150,whisper,sosistama,sosistama,
18,160,mumble,pomisema,pomisema,
18,170,whistle,wilistama,vilistema,
18,180,"shriek, screech",kr̃iiskama,kriiskma,
18,180,"shriek, screech",kisendama,kisendama,
18,190,howl,uluma,uluma,
18,190,howl,winguma,vinguma,
18,210,"speak, talk",r̃æækima,rääkima,
18,210,"speak, talk",kənelema,kõnelema,
18,211,"stutter, stammer",kokutama,kokutama,
18,211,"stutter, stammer",kogelema,kogelema,
18,220,say,ütlema,ütlema,
18,221,tell story,yutustama,jutustama,
18,222,speech (make a),kənet pidama,kõnet pidama,
18,230,silent (be),waikima,vaikima,
18,230,silent (be),wait olema,vait olema,
18,240,language,keel,keel,
18,260,word,səna,sõna,
18,280,name,nimi,nimi,
18,310,"ask (question, inquire)",küsima,küsima,
18,320,answer,wastama,vastama,
18,330,"admit, confess",möönma,möönma,
18,330,"admit, confess",tunnistama,tunnistama,
18,340,deny,eitama,eitama,
18,350,"ask, request",paluma,paluma,
18,350,"ask, request",nəudma,nõudma,
18,360,promise,lubama,lubama,
18,360,promise,təotama,tõotama,
18,370,refuse,keelduma,keelduma,
18,380,forbid,keelama,keelama,
18,390,"rebuke, scold",noomima,noomima,
18,390,"rebuke, scold",etteheiteid tegema,etteheiteid tegema,
18,410,call (=summon),kutsuma,kutsuma,
18,420,call (=name),nimetama,nimetama,
18,430,announce,teatama,teatama,
18,430,announce,kuulutama,kuulutama,
18,440,threaten,æhwar̃dama,ähvardama,
18,450,boast,hooplema,hooplema,
18,450,boast,kelkima,kelkima,
18,510,write,kir̃yutama,kirjutama,
18,520,read,lugema,lugema,
18,560,paper,paber̃,paber,
18,570,pen,sulg,sulg,
18,610,book,r̃aamat,raamat,
18,670,poet,luuletaya,luuletaja,
18,670,poet,poeet,poeet,
18,710,flute,flööt,flööt,
18,720,drum,tr̃umm,trumm,
18,730,"horn, trumpet",sar̃w,sarv,
18,730,"horn, trumpet",tr̃ompet,trompet,
18,740,rattle,kər̃isti,kõristi,
19,110,country,maa,maa,
19,120,one's native country,kodumaa,kodumaa,
19,120,one's native country,isamaa,isamaa,
19,150,"city, town",linn,linn,
19,160,village,küla,küla,
19,170,boundary,piir̃,piir,
19,210,people (populace),r̃ahwas,rahvas,
19,230,"tribe, clan",həim,hõim,
19,230,"tribe, clan",sugukond,sugukond,
19,240,"chief, chieftain",pealik,pealik,
19,240,"chief, chieftain",yuht,juht,
19,250,"staff, walking stick",kepp,kepp,
19,250,"staff, walking stick",yalutuskepp,jalutuskepp,
19,310,"rule, govern",walitsema,valitsema,
19,310,"rule, govern",yuhtima,juhtima,
19,320,"king, ruler",kuningas,kuningas,
19,320,"king, ruler",walitseya,valitseja,
19,330,queen,kuninganna,kuninganna,
19,360,"noble, nobleman",aadlik,aadlik,
19,370,"citizen, subject",kodanik,kodanik,
19,370,"citizen, subject",alam,alam,
19,410,master,isand,isand,
19,410,master,per̃emees,peremees,
19,420,slave,or̃i,ori,
19,430,servant,teener̃,teener,
19,440,freeman,waba mees,vaba mees,
19,440,freeman,wabakodanik,vabakodanik,
19,450,"command, order",kæskima,käskima,
19,450,"command, order",kæsutama,käsutama,
19,460,obey,kuuletuma,kuuletuma,
19,460,obey,səna kuulma,sõna kuulma,
19,470,"let, permit",lubama,lubama,
19,470,"let, permit",laskma,laskma,
19,510,"friend, companion",səber̃,sõber,
19,510,"friend, companion",kaaslane,kaaslane,
19,520,enemy,waenlane,vaenlane,
19,540,neighbor,naaber̃,naaber,
19,550,stranger,wəər̃as,võõras,
19,560,guest,külaline,külaline,
19,570,host,per̃emees,peremees,
19,570,host,wəər̃ustaya,võõrustaja,
19,580,"help, aid",aitama,aitama,
19,590,"hinder, prevent",segama,segama,
19,590,"hinder, prevent",takistama,takistama,
19,610,custom,komme,komme,
19,610,custom,tawa,tava,
19,620,"strife, quarrel",r̃iid,riid,
19,620,"strife, quarrel",tüli,tüli,
19,630,"conspiracy, plot",wandenəu,vandenõu,
19,630,"conspiracy, plot",salaplaan,salaplaan,
19,650,meet,kohtama,kohtama,
19,720,prostitute,pr̃ostituut,prostituut,
19,720,prostitute,hoor̃,hoor,
20,110,fight (vb),wəitlema,võitlema,
20,130,"war, battle",səda,sõda,
20,130,"war, battle",lahing,laheng,
20,140,peace,r̃ahu,rahu,
20,150,army,ar̃mee,armee,
20,150,army,səyawægi,sõjavägi,
20,170,soldier,sədur̃,sõdur,
20,210,"weapons, arms",r̃elwad,relvad,
20,210,"weapons, arms",səyar̃iistad,sõjariist,
20,220,club,nui,nui,
20,222,battle-ax,tapper̃,tapper,
20,222,battle-ax,səyakir̃wes,sõjakirves,
20,230,sling,ling,ling,
20,240,bow,wibu,vibu,
20,250,arrow,nool,nool,
20,260,spear,oda,oda,
20,270,sword,məək,mõõk,
20,280,"gun, cannon",püss,püss,
20,280,"gun, cannon",kahur̃,kahur,
20,280,"gun, cannon",suur̃tükk,suurtükk,
20,310,armor (defensive),soomusr̃üǘ,soomusrüǘ,
20,310,armor (defensive),r̃audr̃üü,raudrüü,
20,330,helmet,kiiwer̃,kiiver,
20,340,shield,kilp,kilp,
20,350,fortress,kindlus,kindlus,
20,360,tower,tor̃n,torn,
20,410,victory,wəit,võit,
20,420,defeat,kaotus,kaotus,
20,420,defeat,lüüasaamine,lüüasaamine,
20,430,attack,r̃ünnak,rünnak,
20,440,defend,kaitsma,kaitsma,
20,450,retreat,taganema,taganema,
20,450,retreat,taanduma,taanduma,
20,460,surrender,alla andma,alla andma,
20,460,surrender,alistuma,alistuma,
20,470,"captive, prisoner",wangistatu,vangistatu,
20,470,"captive, prisoner",wang,vang,
20,471,"guard, sentinel",walwur̃,valvur,
20,471,"guard, sentinel",waht,vaht,
20,480,"booty, spoils",saak,saak,
20,480,"booty, spoils",səyasaak,sõjasaak,
20,490,ambush,war̃itsus,varitsus,
20,510,fisherman,kalur̃,kalur,
20,510,fisherman,kalamees,kalamees,
20,520,fishhook,əngekonks,õngekonks,
20,530,fishing line,əngenöör̃,õngenöör,
20,540,fishnet,kalawər̃k,kalavõrk,
20,550,fish trap,mər̃d,mõrd,
20,560,bait,sööt,sööt,
20,610,hunt,küttima,küttima,
20,620,shoot,laskma,laskma,
20,620,shoot,tulistama,tulistama,
20,630,miss (target),mööda laskma,mööda laskma,
20,640,trap (noun),ləks,lõks,
20,640,trap (noun),püünis,püünis,
20,650,trap (vb),ləksu püüdma,lõksu püüdma,
21,110,law,əigus,õigus,law as a concept (ius)
21,110,law,seadus,seadus,specific legal instrument (lex)
21,150,court,kohus,kohus,
21,160,judge (vb),kohut məistma,kohut mõistma,
21,170,judgment,kohtuotsus,kohtuotsus,
21,180,judge (noun),kohtunik,kohtunik,
21,210,plaintiff,hageya,hageja,
21,220,defendant,kaebealune,kaebealune,
21,220,defendant,süüalune,süüalune,
21,230,witness,tunnistaya,tunnistaja,
21,240,swear,wanduma,vanduma,
21,240,swear,wannet andma,vannet andma,
21,250,oath,wanne,vanne,
21,310,accuse,süüdistama,süüdistama,
21,320,condemn,süüdi məistma,süüdi mõistma,
21,330,convict (vb),süüdi məistma,süüdi mõistma,
21,340,acquit,əigeks məistma,õigeks mõistma,
21,350,guilty,süüdlane,süüdlane,
21,360,innocent,süütu,süütu,
21,370,"penalty, punishment",kar̃istus,karistus,
21,380,fine,tr̃ahw,trahv,
21,390,"prison, jail",wangla,vangla,
21,420,murder,mər̃w,mõrv,
21,430,adultery,abielur̃ikkumine,abielurikkumine,
21,440,rape,wægistamine,vägistamine,
21,460,arson,süütamine,süütamine,
21,470,perjury,walewanne,valevanne,
21,510,steal,war̃astama,varastama,
21,520,thief,war̃as,varas,
22,110,religion,usk,usk,
22,110,religion,r̃eligioon,religioon,
22,120,God,yumal,jumal,
22,130,"temple, church",tempel,tempel,
22,130,"temple, church",kir̃ik,kirik,
22,140,altar,altar̃,altar,
22,150,"sacrifice, offering",ohwer̃dus,ohverdus,
22,150,"sacrifice, offering",ohwer̃,ohver,
22,160,worship,kummar̃dama,kummardama,
22,160,worship,austama,austama,
22,170,pray,palwetama,palvetama,
22,180,priest,pr̃eester̃,preester,
22,190,"holy, sacred",püha,püha,
22,190,"holy, sacred",pühitsetud,pühitsetud,
22,220,preach,yutlustama,jutlustama,
22,230,bless,ənnistama,õnnistama,
22,240,curse,needma,needma,
22,240,curse,wanduma,vanduma,
22,260,fast (vb),paastuma,paastuma,
22,310,heaven,taewas,taevas,
22,320,hell,pər̃gu,põrgu,
22,350,demon (evil spirit),deemon,deemon,
22,350,demon (evil spirit),kur̃iwaim,kurivaim,
22,370,idol,ebayumal,ebajumal,
22,370,idol,iidol,iidol,
22,420,"magic, witchcraft, sorcery",nəiakunst,nõiakunst,
22,420,"magic, witchcraft, sorcery",nəidus,nõidus,
22,420,"magic, witchcraft, sorcery",wəluyəud,võlujõud,
22,430,"sorcerer, witch",nəid,nõid,
22,440,"fairy, elf",haldyas,haldjas,
22,450,"ghost, phantom",kummitus,kummitus,
22,450,"ghost, phantom",waim,vaim,
22,450,"ghost, phantom",wiirastus,viirastus,
22,470,"omen, portent",enne,enne,
22,470,"omen, portent",ettetæhendus,ettetähendus,
